<?xml version="1.0" encoding="UTF-8"?>
<Grades>
<Student>
    <Name>Ming Scouten </Name> 
    <Exams>
       <Exam>99</Exam>
       <Exam>79</Exam>
    </Exams>
 </Student>
<Student>
    <Name>Rebbecca Carrol </Name> 
    <Exams> 
       <Exam>50</Exam>
       <Exam>69</Exam>
    </Exams>
    
 </Student>
 <Student>
    <Name> Daisy Vandergriff </Name> 
    <Exams>
    <Exam>60</Exam>
    <Exam>96</Exam>
    </Exams>
 </Student>
 <Student>
    <Name> Illa Mullarkey </Name> 
    <Exams> 
       <Exam>82</Exam>
       <Exam>87</Exam>
    </Exams>
 </Student>
 <Student>
    <Name>Jackson Mengel  </Name> 
    <Exams>
       <Exam>86</Exam>
       <Exam>67</Exam>
    </Exams>
 </Student>
 <Student>
    <Name>Dot Damewood  </Name> 
    <Exams> 
       <Exam>68</Exam>
       <Exam>74</Exam>
    </Exams>
 </Student>
 <Student>
    <Name>Else Daily  </Name> 
    <Exams>
       <Exam>96</Exam>
       <Exam>99</Exam>
    </Exams>
 </Student>
 <Student>
    <Name>Marcelino Petzold  </Name> 
    <Exams>
       <Exam>71</Exam>
       <Exam>79</Exam>
    </Exams>
 </Student>
 <Student>
    <Name> Sergio Lee</Name> 
    <Exams>
       <Exam>69</Exam>
       <Exam>73</Exam>
    </Exams>
 </Student>
 </Grades>
