<?xml version="1.0" encoding="UTF-8"?>

<Movies>
	
    <Movie title="King Kong">
    <Version year="1976">
        <Star>Jeff Bridges</Star>
        <Star>Jessica Lange</Star>
        <Star>Carrie Fisher</Star>
    </Version>	 
    <Version year="1933">
        <Star>Carrie Fisher</Star> 
    </Version>  
   </Movie>
  
   <Movie title="Footloose">
      <Version year="1984">
        <Star> Kevin Bacon</Star>
        <Star>John Lithgow</Star>
        <Star>Sarah Jessica Parker</Star>
      </Version>
    </Movie>
    <Movie title="Amadeus">
    <Version year="1984">
    <Star>F. Murray Abraham</Star>
    </Version>
    </Movie>
</Movies>
