﻿<?xml version="1.0" encoding="UTF-8" standalone="yes"?>
<StarMovieData>
	<Star starID = "cf" starredIn = "sw">
		<Name>Carrie Fisher</Name>
			<Address>
				<Street>123 Maple St.</Street>
				<City>Holly wood</City>
			</Address>
			<Address>
				<Street>5 Locust Ln.</Street>
        <City>Malibu</City>
			</Address>
   	</Star>
   	<Star starID = "mh" starredID = "sw"> 
   		<Name>Mark Hamil </Name>
		<Street>456 Oak Rd.</Street>
		<City>Brentwood</City>
	</Star>
	<Movie movieID="sw" starsOf = "cf mh">
		<Title>Star Wars</Title>
		<Year>1977</Year>
	</Movie>
</StarMovieData>
