﻿<Stars>
   <Star>
	<Name>Carrie Fisher</Name>
	<Address>
		<Street>123 Maple St.</Street>
		<City>Hollywood</City>
	</Address> 
	<Address>
		<Street>5 Locust Ln.</Street>		
                <City>Malibu</City>
	</Address>
   </Star>
   <Star> 
	<Name>Paula Abdul </Name>
	<Address>
		<Street>1541 Vine St.</Street>
		<City>Hollywood</City>
	</Address>
	<Address>
	        <Street>6777 Hollywood Blvd.</Street>
	        <City>Hollywood</City>
	</Address>
    </Star>
    <Star>
	<Name>Jim Cross</Name>
	<Street>456 Stevens Creek</Street>
	<City>Hollywood</City>
    </Star>
</Stars>
