﻿<Stars>
   <Star id="1">
		<Name>Carrie Fisher</Name>
		<Address>
			<Street>123 Maple St.</Street>
			<City>Hollywood</City>
		</Address>
		<Address>
			<Street>5 Locust Ln.</Street>		
      <City>Malibu</City>
		</Address>
   </Star>
   <Star id="2"> 
   		<Name>Mark Hamil </Name>
		<Street>456 Oak Rd.</Street>
		<City>Brentwood</City>
   </Star>
   
   <Star id="4"> 
   		<Name>Somebody </Name>
		<Street>456 Oak Rd.</Street>
		<City>Somecity</City>
	</Star>
   <Star id="5"> 
   		<Name>Someone </Name>
		<Street>Somestreet</Street>
		<City>Brentwood</City>
	</Star>
	<Star id = "6">
		<Name>Tom Hanks </Name>
		<Address>
			<Street>123 Maple St.</Street>
			<City>Malibu</City>
		</Address>

	</Star>

</Stars>

